{"bias_vals": [0.0, 0.07142857142857142, 0.14285714285714285, 0.21428571428571427, 0.2857142857142857, 0.3571428571428571, 0.42857142857142855, 0.5, 0.5714285714285714, 0.6428571428571428, 0.7142857142857142, 0.7857142857142857, 0.8571428571428571, 0.9285714285714285, 1.0], "P1": [-25.656801708377188, -25.67076028225994, -25.712017525901416, -25.781766711293436, -25.880588089158948, -26.00593649237393, -26.15258988078907, -26.318029912675343, -26.5218285423129, -26.78689719651296, -27.07997834112572, -27.372728256580146, -27.659841698884662, -28.046824326725627, -28.251490873360513], "P2": [-106.72437111404966, -50.7123955907213, -44.8496828132236, -41.57839919774077, -39.42183147591742, -37.92613928888187, -36.867064487428095, -36.09449875398505, -35.56551989849006, -35.1347595123338, -34.86740287173594, -34.62579646090683, -34.431837263981244, -34.2775313278683, -34.18739500698987], "P3": [-66.11922899470105, -65.06501417600619, -59.32017906433706, -53.57474841622362, -49.35202453208993, -46.241541019338115, -43.9231702229372, -42.15079984162544, -40.693942362129164, -39.52214315065607, -39.32155641385977, -39.08718837252262, -39.70754075974977, -40.967238225328806, -41.418284740307755]}