{"phys_lengths": [0.03333333333333333, 0.06666666666666667, 0.1, 0.13333333333333333, 0.16666666666666666, 0.2, 0.23333333333333334, 0.26666666666666666, 0.3, 0.3333333333333333, 0.36666666666666664, 0.4, 0.43333333333333335, 0.4666666666666667, 0.5, 0.5333333333333333, 0.5666666666666667, 0.6, 0.6333333333333333, 0.6666666666666666, 0.7, 0.7333333333333333, 0.7666666666666666, 0.8, 0.8333333333333334, 0.8666666666666667, 0.9, 0.9333333333333333, 0.9666666666666667, 1.0], "P1": [-25.915521264301262, -25.496461049930666, -25.946775813558038, -26.38298581648389, -26.110507995275594, -27.253674224885167, -26.753309527030467, -27.960826426584553, -27.809264567523876, -28.857121480252236, -29.57971260230623, -31.141171019981805, -34.18882157663261, -36.381659837175334, -37.99172245563557, -38.27835610272897, -38.04199254996209, -38.547217170851276, -38.47624629345009, -41.56138941029955, -41.711971248422444, -44.243191569346756, -42.194772632592425, -44.40341725501383, -45.207183549293845, -44.187880077411414, -45.49871441459625, -44.01354476892447, -44.78424844587239, -44.88268774759362], "P2": [-48.55379323277735, -42.05488227468473, -40.54397896621936, -38.64595232940791, -36.17967611829123, -36.38949937870808, -34.296735285451, -35.20302166475243, -35.26972220482218, -36.70023988435911, -38.32916169012796, -41.454182532378645, -41.31769025809621, -41.6173993910966, -44.10576562294438, -46.172215305176294, -46.128395066224755, -46.03439363050729, -46.427113568157445, -48.5886657489494, -48.495764685355624, -49.189833927421816, -49.84113912772068, -50.68807071466057, -51.1404187393208, -51.17673814370746, -51.81408512087057, -52.17991021748542, -51.92993639046618, -52.9850351496638], "P3": [-67.77416275029721, -55.71543834445787, -50.548677162689984, -47.62351998173262, -42.87570757508857, -41.5995175372554, -38.92428172684244, -39.33376395555659, -40.13165911135352, -41.405661720030864, -43.95933919620089, -44.17518293103661, -46.1496778798175, -47.836186134001004, -47.72956125723497, -49.749896647726445, -49.86874386469216, -50.64368825186543, -50.67815364366476, -52.06154764614933, -52.466435458559445, -52.788443715299216, -54.52213352861676, -53.870093069007645, -54.23782721630303, -54.68331970934099, -55.34815632131394, -57.965552657149956, -56.61457046799178, -57.557897676666855]}