{"subharmonic_trace": {"pulse_width_sigma_ns": [10.0, 14.999999999999998, 20.0, 25.0, 29.999999999999996, 40.0, 50.0, 100.0, 200.0], "error_per_gate": [0.0151, 0.0111, 0.00994, 0.0116, 0.00935, 0.0116, 0.0127, 0.0245, 0.0559], "label": "Subharmonic Drive"}, "direct_drive_trace": {"pulse_width_sigma_ns": [10.0, 14.999999999999998, 20.0, 25.0, 29.999999999999996, 40.0, 50.0, 100.0, 200.0], "error_per_gate": [0.00631, 0.0074, 0.0082, 0.009, 0.00938, 0.012, 0.0132, 0.027, 0.0492], "label": "Direct Drive"}}